{
  "featureNames": [
    "Pregnancies",
    "Glucose",
    "BloodPressure",
    "SkinThickness",
    "Insulin",
    "BMI",
    "DiabetesPedigreeFunction",
    "Age"
  ],
  "zeroAsMissing": [
    "Glucose",
    "BloodPressure",
    "SkinThickness",
    "Insulin",
    "BMI"
  ],
  "imputerMedians": [
    3.0,
    117.0,
    72.0,
    29.0,
    125.0,
    32.3,
    0.3725,
    29.0
  ],
  "scalerMean": [
    3.8450520833333335,
    121.65625,
    72.38671875,
    29.108072916666668,
    140.671875,
    32.45520833333333,
    0.47187630208333325,
    33.240885416666664
  ],
  "scalerScale": [
    3.3673836124089958,
    30.418462775166116,
    12.088763750899638,
    8.785495707586254,
    86.32680240314153,
    6.870699333517456,
    0.3311128160286291,
    11.752572645994181
  ],
  "coefficients": [
    0.41389532346955227,
    1.134030041694898,
    -0.10679824805885577,
    0.035357655879986606,
    -0.09370641021818897,
    0.6354336678404929,
    0.2867520104854389,
    0.15344865206859323
  ],
  "intercept": -0.8577043567624192,
  "trainingRows": 768,
  "metrics": {
    "logistic": {
      "accuracy": 0.7077922077922078,
      "auc": 0.812962962962963
    },
    "random_forest": {
      "accuracy": 0.7402597402597403,
      "auc": 0.8158333333333333
    }
  }
}